Model,Accuracy,Precision,Recall,F1-Score,ROC-AUC
RF Baseline,1.0,1.0,1.0,1.0,1.0
RF Optimized,1.0,1.0,1.0,1.0,1.0
LR Baseline,0.9968189137179437,0.994218298304555,0.9994502042098649,0.9968273863146763,0.9999893701746423
LR Optimized,0.9995287279582139,0.9993718592964824,0.9996858309770656,0.9995288204806031,0.9999995866521771
