Model,CV_Mean_F1,CV_Std_F1,Test_Accuracy,Test_F1,Improvement_vs_Baseline
Random Forest (Baseline),0.9999901821216435,1.9635756712998998e-05,1.0,1.0,0.0
Random Forest (Optimized),0.9999803632793324,3.927344133529686e-05,1.0,1.0,-0.0009818938712250391
Logistic Regression (Baseline),0.9967016042088439,0.00042587488163107134,0.9968189137179437,0.9968273863146763,0.0
Logistic Regression (Optimized),0.9997054848470832,9.315632735304322e-05,0.9995287279582139,0.9995288204806031,0.30138214141068953
